Title,URL,Thumbnail URL,Channel Name,Description
Terence Crawford Stops Spence After 3 Wild Knockdowns | SHOWTIME PPV,https://www.youtube.com/watch?v=hjE5sQ0WcHE,https://i.ytimg.com/vi/hjE5sQ0WcHE/hqdefault.jpg?sqp=-oaymwEcCPYBEIoBSFXyq4qpAw4IARUAAIhCGAFwAcABBg==&rs=AOn4CLBW6VlQc7IvUM4hqmfSVUYRrSe8ng,SHOWTIME Sports,"In a fight that will go down in history, Terence Crawford put on of the greatest boxing performances of all-time, stopping Errol Spence Jr in round 9 after knocking him down 3 times, to become..."
Terence Crawford Stops Spence After 3 Wild Knockdowns | SHOWTIME PPV,https://www.youtube.com/watch?v=hjE5sQ0WcHE,https://i.ytimg.com/vi/_zPaYp8XN9Y/hqdefault.jpg?sqp=-oaymwEcCPYBEIoBSFXyq4qpAw4IARUAAIhCGAFwAcABBg==&rs=AOn4CLCn56ET2uY0coiIp30vcT8F_oVzuw,Premier Boxing Champions,Undefeated three-division champion Terence “Bud” Crawford emphatically stamped his place in the history books with a ninth-round TKO over the previously unbeaten Errol “The Truth” Spence...
Terence Crawford Stops Spence After 3 Wild Knockdowns | SHOWTIME PPV,https://www.youtube.com/watch?v=hjE5sQ0WcHE,,Fight Hub TV,HEARTBROKEN ERROL SPENCE JR - FULL POST FIGHT PRESS CONFERENCE VS TERENCE CRAWFORD A heartbroken and dejected Errol Spence Jr speaks on his crushing loss to Terence Crawford in round 9! As...
Terence Crawford Stops Spence After 3 Wild Knockdowns | SHOWTIME PPV,https://www.youtube.com/watch?v=hjE5sQ0WcHE,,CBS Sports,Luke Thomas joins CBS Sports HQ to recap Terence Crawford's ninth-round TKO over Errol Spence to become undisputed champion. SUBSCRIBE TO OUR CHANNEL: https://www.youtube.com/user/CBSSports...
Terence Crawford Stops Spence After 3 Wild Knockdowns | SHOWTIME PPV,https://www.youtube.com/watch?v=hjE5sQ0WcHE,,IShowSpeed,
Terence Crawford Stops Spence After 3 Wild Knockdowns | SHOWTIME PPV,https://www.youtube.com/watch?v=hjE5sQ0WcHE,,Lionsgate Movies,"Saw X - Watch the trailer now! Starring Tobin Bell, Synnøve Macody Lund, Steven Brand, Michael Beach, and Renata Vaca. Subscribe to the LIONSGATE: YouTube Channel for the latest movie trailers,..."
Terence Crawford Stops Spence After 3 Wild Knockdowns | SHOWTIME PPV,https://www.youtube.com/watch?v=hjE5sQ0WcHE,,Seconds Out,"#SpenceCrawford Undefeated Top Pound-For-Pound Stars Errol Spence Jr. and Terence Crawford Meet for Undisputed Welterweight World Championship Saturday, July 29 Headlining a Premier Boxing..."
Terence Crawford Stops Spence After 3 Wild Knockdowns | SHOWTIME PPV,https://www.youtube.com/watch?v=hjE5sQ0WcHE,,YoungBoy Never Broke Again,YoungBoy Never Broke Again – Stream/Download: https://youngboy.lnk.to/MaIGotAFamily Subscribe for more official content from YoungBoy NBA: https://youngboy.lnk.to/Subscribe Connect...
Terence Crawford Stops Spence After 3 Wild Knockdowns | SHOWTIME PPV,https://www.youtube.com/watch?v=hjE5sQ0WcHE,,Crunchyroll Collection,Episode 1070: Gear 5?! Watch One Piece on Crunchyroll! https://got.cr/cc-op1070 Monkey. D. Luffy refuses to let anyone or anything stand in the way of his quest to become the king of all pirates....
Terence Crawford Stops Spence After 3 Wild Knockdowns | SHOWTIME PPV,https://www.youtube.com/watch?v=hjE5sQ0WcHE,,rekrap2,Where I get my music: -Epidemic Sound- https://www.epidemicsound.com/referral/hdky6e/ -Artlist- https://artlist.io/Parker-2274364
